Workbook
Name Slicer_Asal: #N/A
Name Slicer_Bulan: #N/A
Name Slicer_Departemen: #N/A

Sheet Dashboard
A2: Quarter I Youth Ranger Indonesia Rekap Kehadiran Training
B6: Bulan | H6: Departemen | O6: Persentase Peserta
B7: Juni | H7: Administration

Sheet Sheet4
C1: Peserta Training Total | J1: Peserta Training Impactman | P1: Peserta Training Rangers
D2: Maret | E2: Mei | F2: Juni | G2: Total | H2: lookup | K2: Maret | L2: Mei | M2: Juni | N2: Total | Q2: Maret | R2: Mei | S2: Juni | T2: Total
A3: {=_xlfn.UNIQUE(Data[Departemen])} -> HR | C3: HR | D3: =COUNTIFS(Data[Departemen],$C$3,Data[Bulan],D2) -> 20 | E3: =COUNTIFS(Data[Departemen],$C$3,Data[Bulan],E2) -> 27 | F3: =COUNTIFS(Data[Departemen],$C$3,Data[Bulan],F2) -> 19 | G3: =SUM(D3:F3) -> 66 | H3: =COUNTIFS(Data[Departemen],Dashboard!#REF!,Data[Bulan],Dashboard!#REF!) -> 0 | J3: HR | K3: =COUNTIFS(Data[Departemen],C3,Data[Bulan],$K$2,Data[Asal],"Impactman") -> 18 | L3: =COUNTIFS(Data[Departemen],C3,Data[Bulan],$L$2,Data[Asal],"Impactman") -> 19 | M3: =COUNTIFS(Data[Departemen],C3,Data[Bulan],$M$2,Data[Asal],"Impactman") -> 13 | N3: =SUM(K3:M3) -> 50 | P3: HR | Q3: =COUNTIFS(Data[Departemen],J3,Data[Bulan],$K$2,Data[Asal],"Rangers") -> 2 | R3: =COUNTIFS(Data[Departemen],J3,Data[Bulan],$L$2,Data[Asal],"Rangers") -> 8 | S3: =COUNTIFS(Data[Departemen],J3,Data[Bulan],$M$2,Data[Asal],"Rangers") -> 6 | T3: =SUM(Q3:S3) -> 16
A4: Operation | C4: Operation | D4: =COUNTIFS(Data[Departemen],$C$4,Data[Bulan],D2) -> 12 | E4: =COUNTIFS(Data[Departemen],$C$4,Data[Bulan],E2) -> 22 | F4: =COUNTIFS(Data[Departemen],$C$4,Data[Bulan],F2) -> 16 | G4: =SUM(D4:F4) -> 50 | J4: Operation | K4: =COUNTIFS(Data[Departemen],C4,Data[Bulan],$K$2,Data[Asal],"Impactman") -> 9 | L4: =COUNTIFS(Data[Departemen],C4,Data[Bulan],$L$2,Data[Asal],"Impactman") -> 15 | M4: =COUNTIFS(Data[Departemen],C4,Data[Bulan],$M$2,Data[Asal],"Impactman") -> 6 | N4: =SUM(K4:M4) -> 30 | P4: Operation | Q4: =COUNTIFS(Data[Departemen],J4,Data[Bulan],$K$2,Data[Asal],"Rangers") -> 3 | R4: =COUNTIFS(Data[Departemen],J4,Data[Bulan],$L$2,Data[Asal],"Rangers") -> 7 | S4: =COUNTIFS(Data[Departemen],J4,Data[Bulan],$M$2,Data[Asal],"Rangers") -> 10 | T4: =SUM(Q4:S4) -> 20
A5: Project | C5: Project | D5: =COUNTIFS(Data[Departemen],$C$5,Data[Bulan],D2) -> 9 | E5: =COUNTIFS(Data[Departemen],$C$5,Data[Bulan],E2) -> 13 | F5: =COUNTIFS(Data[Departemen],$C$5,Data[Bulan],F2) -> 17 | G5: =SUM(D5:F5) -> 39 | J5: Project | K5: =COUNTIFS(Data[Departemen],C5,Data[Bulan],$K$2,Data[Asal],"Impactman") -> 7 | L5: =COUNTIFS(Data[Departemen],C5,Data[Bulan],$L$2,Data[Asal],"Impactman") -> 5 | M5: =COUNTIFS(Data[Departemen],C5,Data[Bulan],$M$2,Data[Asal],"Impactman") -> 7 | N5: =SUM(K5:M5) -> 19 | P5: Project | Q5: =COUNTIFS(Data[Departemen],J5,Data[Bulan],$K$2,Data[Asal],"Rangers") -> 2 | R5: =COUNTIFS(Data[Departemen],J5,Data[Bulan],$L$2,Data[Asal],"Rangers") -> 8 | S5: =COUNTIFS(Data[Departemen],J5,Data[Bulan],$M$2,Data[Asal],"Rangers") -> 10 | T5: =SUM(Q5:S5) -> 20
A6: Finance | C6: Finance | D6: =COUNTIFS(Data[Departemen],$C$6,Data[Bulan],D2) -> 13 | E6: =COUNTIFS(Data[Departemen],$C$6,Data[Bulan],E2) -> 26 | F6: =COUNTIFS(Data[Departemen],$C$6,Data[Bulan],F2) -> 16 | G6: =SUM(D6:F6) -> 55 | J6: Finance | K6: =COUNTIFS(Data[Departemen],C6,Data[Bulan],$K$2,Data[Asal],"Impactman") -> 11 | L6: =COUNTIFS(Data[Departemen],C6,Data[Bulan],$L$2,Data[Asal],"Impactman") -> 12 | M6: =COUNTIFS(Data[Departemen],C6,Data[Bulan],$M$2,Data[Asal],"Impactman") -> 8 | N6: =SUM(K6:M6) -> 31 | P6: Finance | Q6: =COUNTIFS(Data[Departemen],J6,Data[Bulan],$K$2,Data[Asal],"Rangers") -> 2 | R6: =COUNTIFS(Data[Departemen],J6,Data[Bulan],$L$2,Data[Asal],"Rangers") -> 14 | S6: =COUNTIFS(Data[Departemen],J6,Data[Bulan],$M$2,Data[Asal],"Rangers") -> 8 | T6: =SUM(Q6:S6) -> 24
A7: Administration | C7: Administration | D7: =COUNTIFS(Data[Departemen],$C$7,Data[Bulan],D2) -> 15 | E7: =COUNTIFS(Data[Departemen],$C$7,Data[Bulan],E2) -> 24 | F7: =COUNTIFS(Data[Departemen],$C$7,Data[Bulan],F2) -> 9 | G7: =SUM(D7:F7) -> 48 | J7: Administration | K7: =COUNTIFS(Data[Departemen],C7,Data[Bulan],$K$2,Data[Asal],"Impactman") -> 9 | L7: =COUNTIFS(Data[Departemen],C7,Data[Bulan],$L$2,Data[Asal],"Impactman") -> 12 | M7: =COUNTIFS(Data[Departemen],C7,Data[Bulan],$M$2,Data[Asal],"Impactman") -> 8 | N7: =SUM(K7:M7) -> 29 | P7: Administration | Q7: =COUNTIFS(Data[Departemen],J7,Data[Bulan],$K$2,Data[Asal],"Rangers") -> 6 | R7: =COUNTIFS(Data[Departemen],J7,Data[Bulan],$L$2,Data[Asal],"Rangers") -> 12 | S7: =COUNTIFS(Data[Departemen],J7,Data[Bulan],$M$2,Data[Asal],"Rangers") -> 1 | T7: =SUM(Q7:S7) -> 19
A8: Public Relations | C8: Public Relations | D8: =COUNTIFS(Data[Departemen],$C$8,Data[Bulan],D2) -> 18 | E8: =COUNTIFS(Data[Departemen],$C$8,Data[Bulan],E2) -> 16 | F8: =COUNTIFS(Data[Departemen],$C$8,Data[Bulan],F2) -> 25 | G8: =SUM(D8:F8) -> 59 | J8: Public Relations | K8: =COUNTIFS(Data[Departemen],C8,Data[Bulan],$K$2,Data[Asal],"Impactman") -> 15 | L8: =COUNTIFS(Data[Departemen],C8,Data[Bulan],$L$2,Data[Asal],"Impactman") -> 12 | M8: =COUNTIFS(Data[Departemen],C8,Data[Bulan],$M$2,Data[Asal],"Impactman") -> 16 | N8: =SUM(K8:M8) -> 43 | P8: Public Relations | Q8: =COUNTIFS(Data[Departemen],J8,Data[Bulan],$K$2,Data[Asal],"Rangers") -> 3 | R8: =COUNTIFS(Data[Departemen],J8,Data[Bulan],$L$2,Data[Asal],"Rangers") -> 4 | S8: =COUNTIFS(Data[Departemen],J8,Data[Bulan],$M$2,Data[Asal],"Rangers") -> 9 | T8: =SUM(Q8:S8) -> 16
A9: Creative | C9: Creative | D9: =COUNTIFS(Data[Departemen],$C$9,Data[Bulan],D2) -> 22 | E9: =COUNTIFS(Data[Departemen],$C$9,Data[Bulan],E2) -> 17 | F9: =COUNTIFS(Data[Departemen],$C$9,Data[Bulan],F2) -> 17 | G9: =SUM(D9:F9) -> 56 | J9: Creative | K9: =COUNTIFS(Data[Departemen],C9,Data[Bulan],$K$2,Data[Asal],"Impactman") -> 16 | L9: =COUNTIFS(Data[Departemen],C9,Data[Bulan],$L$2,Data[Asal],"Impactman") -> 12 | M9: =COUNTIFS(Data[Departemen],C9,Data[Bulan],$M$2,Data[Asal],"Impactman") -> 9 | N9: =SUM(K9:M9) -> 37 | P9: Creative | Q9: =COUNTIFS(Data[Departemen],J9,Data[Bulan],$K$2,Data[Asal],"Rangers") -> 6 | R9: =COUNTIFS(Data[Departemen],J9,Data[Bulan],$L$2,Data[Asal],"Rangers") -> 5 | S9: =COUNTIFS(Data[Departemen],J9,Data[Bulan],$M$2,Data[Asal],"Rangers") -> 8 | T9: =SUM(Q9:S9) -> 19
A10: Technology | C10: Technology | D10: =COUNTIFS(Data[Departemen],$C$10,Data[Bulan],D2) -> 13 | E10: =COUNTIFS(Data[Departemen],$C$10,Data[Bulan],E2) -> 15 | F10: =COUNTIFS(Data[Departemen],$C$10,Data[Bulan],F2) -> 9 | G10: =SUM(D10:F10) -> 37 | J10: Technology | K10: =COUNTIFS(Data[Departemen],C10,Data[Bulan],$K$2,Data[Asal],"Impactman") -> 8 | L10: =COUNTIFS(Data[Departemen],C10,Data[Bulan],$L$2,Data[Asal],"Impactman") -> 4 | M10: =COUNTIFS(Data[Departemen],C10,Data[Bulan],$M$2,Data[Asal],"Impactman") -> 3 | N10: =SUM(K10:M10) -> 15 | P10: Technology | Q10: =COUNTIFS(Data[Departemen],J10,Data[Bulan],$K$2,Data[Asal],"Rangers") -> 5 | R10: =COUNTIFS(Data[Departemen],J10,Data[Bulan],$L$2,Data[Asal],"Rangers") -> 11 | S10: =COUNTIFS(Data[Departemen],J10,Data[Bulan],$M$2,Data[Asal],"Rangers") -> 6 | T10: =SUM(Q10:S10) -> 22
C11: Grand Total | G11: =SUM(G3:G10) -> 410 | J11: Grand Total | N11: =SUM(N3:N10) -> 254 | P11: Grand Total | T11: =SUM(T3:T10) -> 156
A12: {=_xlfn.UNIQUE(Data[Bulan])} -> Maret | D12: Impactman | E12: Rangers | H12: Impactman | I12: Rangers
A13: Mei | C13: HR | D13: =COUNTIFS(Data[Departemen],C13,Data[Asal],"Impactman",Data[Bulan],Dashboard!$B$7) -> 13 | E13: =COUNTIFS(Data[Departemen],C13,Data[Asal],"Rangers",Data[Bulan],Dashboard!$B$7) -> 6 | G13: Maret | H13: =COUNTIFS(Data[Bulan],G13,Data[Asal],$H$12,Data[Departemen],Dashboard!$H$7) -> 9 | I13: =COUNTIFS(Data[Bulan],G13,Data[Asal],$I$12,Data[Departemen],Dashboard!$H$7) -> 6
A14: Juni | C14: Operation | D14: =COUNTIFS(Data[Departemen],C14,Data[Asal],"Impactman",Data[Bulan],Dashboard!$B$7) -> 6 | E14: =COUNTIFS(Data[Departemen],C14,Data[Asal],"Rangers",Data[Bulan],Dashboard!$B$7) -> 10 | G14: Mei | H14: =COUNTIFS(Data[Bulan],G14,Data[Asal],$H$12,Data[Departemen],Dashboard!$H$7) -> 12 | I14: =COUNTIFS(Data[Bulan],G14,Data[Asal],$I$12,Data[Departemen],Dashboard!$H$7) -> 12
C15: Project | D15: =COUNTIFS(Data[Departemen],C15,Data[Asal],"Impactman",Data[Bulan],Dashboard!$B$7) -> 7 | E15: =COUNTIFS(Data[Departemen],C15,Data[Asal],"Rangers",Data[Bulan],Dashboard!$B$7) -> 10 | G15: Juni | H15: =COUNTIFS(Data[Bulan],G15,Data[Asal],$H$12,Data[Departemen],Dashboard!$H$7) -> 8 | I15: =COUNTIFS(Data[Bulan],G15,Data[Asal],$I$12,Data[Departemen],Dashboard!$H$7) -> 1
A16: {=_xlfn.UNIQUE(Data[Asal])} -> Impactman | B16: =COUNTIFS(Data[Asal],A16) -> 254 | C16: Finance | D16: =COUNTIFS(Data[Departemen],C16,Data[Asal],"Impactman",Data[Bulan],Dashboard!$B$7) -> 8 | E16: =COUNTIFS(Data[Departemen],C16,Data[Asal],"Rangers",Data[Bulan],Dashboard!$B$7) -> 8
A17: Rangers | B17: =COUNTIFS(Data[Asal],A17) -> 156 | C17: Administration | D17: =COUNTIFS(Data[Departemen],C17,Data[Asal],"Impactman",Data[Bulan],Dashboard!$B$7) -> 8 | E17: =COUNTIFS(Data[Departemen],C17,Data[Asal],"Rangers",Data[Bulan],Dashboard!$B$7) -> 1
C18: Public Relations | D18: =COUNTIFS(Data[Departemen],C18,Data[Asal],"Impactman",Data[Bulan],Dashboard!$B$7) -> 16 | E18: =COUNTIFS(Data[Departemen],C18,Data[Asal],"Rangers",Data[Bulan],Dashboard!$B$7) -> 9
C19: Creative | D19: =COUNTIFS(Data[Departemen],C19,Data[Asal],"Impactman",Data[Bulan],Dashboard!$B$7) -> 9 | E19: =COUNTIFS(Data[Departemen],C19,Data[Asal],"Rangers",Data[Bulan],Dashboard!$B$7) -> 8
C20: Technology | D20: =COUNTIFS(Data[Departemen],C20,Data[Asal],"Impactman",Data[Bulan],Dashboard!$B$7) -> 3 | E20: =COUNTIFS(Data[Departemen],C20,Data[Asal],"Rangers",Data[Bulan],Dashboard!$B$7) -> 6

Sheet Rekap + Chart
A3: Jumlah Peserta
B4: Impactman | C4: Rangers | D4: Grand Total
A5: Technology | B5: 15 | C5: 22 | D5: 37
A6: Maret | B6: 8 | C6: 5 | D6: 13
A7: Mei | B7: 4 | C7: 11 | D7: 15
A8: Juni | B8: 3 | C8: 6 | D8: 9
A9: Project | B9: 19 | C9: 20 | D9: 39
A10: Maret | B10: 7 | C10: 2 | D10: 9
A11: Mei | B11: 5 | C11: 8 | D11: 13
A12: Juni | B12: 7 | C12: 10 | D12: 17
A13: Administration | B13: 29 | C13: 19 | D13: 48
A14: Maret | B14: 9 | C14: 6 | D14: 15
A15: Mei | B15: 12 | C15: 12 | D15: 24
A16: Juni | B16: 8 | C16: 1 | D16: 9
... A37: Grand Total | B37: 254 | C37: 156 | D37: 410

Sheet Data
A1: Departemen | B1: Bulan | C1: Nama | D1: Asal
A2: HR | B2: Maret | C2: xxx | D2: Impactman
A3: HR | B3: Maret | C3: xxx | D3: Impactman
A4: HR | B4: Maret | C4: xxx | D4: Impactman
A5: HR | B5: Maret | C5: xxx | D5: Impactman
A6: HR | B6: Maret | C6: xxx | D6: Impactman
A7: HR | B7: Maret | C7: xxx | D7: Impactman
A8: HR | B8: Maret | C8: xxx | D8: Impactman
A9: HR | B9: Maret | C9: xxx | D9: Impactman
A10: HR | B10: Maret | C10: xxx | D10: Rangers
A11: HR | B11: Maret | C11: xxx | D11: Impactman
A12: HR | B12: Maret | C12: xxx | D12: Impactman
... A411: Technology | B411: Juni | C411: xxx | D411: Rangers
